patient_id,age,sex,bmi,hba1c,fasting_glucose,diabetes_status,baseline_hr
1,29,F,28.7,10.1,164.0,T2D,59
2,64,M,26.3,6.0,111.0,pre-diabetes,84
3,58,M,27.2,5.3,113.0,healthy,75
4,47,M,28.5,7.8,125.0,T2D,79
5,47,M,20.2,9.1,172.0,T2D,67
6,68,M,24.7,6.6,116.0,T2D,79
7,29,F,24.1,5.4,97.0,pre-diabetes,81
8,60,M,23.4,5.8,94.0,healthy,74
9,35,F,24.9,5.3,92.0,healthy,74
10,29,F,32.0,7.2,143.0,T2D,74
11,51,F,22.5,5.7,108.0,pre-diabetes,65
12,74,F,29.9,4.9,106.0,healthy,71
13,62,M,19.3,5.0,102.0,healthy,71
14,63,F,24.7,5.6,105.0,pre-diabetes,75
15,61,M,26.7,5.9,124.0,healthy,80
16,65,M,28.3,7.0,130.0,T2D,64
17,51,F,28.8,7.9,150.0,T2D,71
18,31,M,29.2,8.4,148.0,T2D,84
19,67,M,24.6,6.2,112.0,pre-diabetes,66
20,47,M,24.2,6.4,108.0,pre-diabetes,65
21,50,F,29.4,6.0,118.0,pre-diabetes,74
22,43,M,25.2,5.8,93.0,pre-diabetes,79
23,34,M,20.9,5.1,100.0,healthy,72
24,72,M,21.5,6.1,108.0,pre-diabetes,83
25,64,F,22.3,5.2,105.0,healthy,79
26,57,M,28.0,5.7,110.0,pre-diabetes,79
27,45,M,26.6,4.9,106.0,healthy,76
28,66,M,28.8,5.4,105.0,healthy,91
29,52,F,24.3,5.8,89.0,healthy,70
30,47,F,26.6,6.6,118.0,pre-diabetes,56
31,47,F,28.5,5.3,84.0,healthy,85
32,36,M,24.8,7.7,133.0,T2D,68
33,29,M,27.8,5.6,116.0,pre-diabetes,73
34,53,F,23.4,5.4,104.0,healthy,82
35,70,F,24.5,6.1,103.0,pre-diabetes,59
36,28,F,24.5,5.6,91.0,healthy,62
37,68,M,21.2,6.5,117.0,T2D,59
38,67,M,27.9,5.8,92.0,pre-diabetes,66
39,39,F,24.1,7.7,132.0,T2D,76
40,57,F,26.0,4.9,91.0,healthy,76
41,33,M,27.9,5.7,114.0,pre-diabetes,74
42,63,F,27.8,5.8,110.0,pre-diabetes,61
43,60,F,28.7,7.3,108.0,T2D,55
44,43,M,25.6,6.0,111.0,pre-diabetes,72
45,28,F,24.3,5.5,100.0,pre-diabetes,68
46,74,M,25.7,5.7,107.0,healthy,76
47,47,M,19.3,5.0,106.0,healthy,78
48,70,F,20.2,5.6,80.0,pre-diabetes,73
49,59,F,20.7,5.7,97.0,pre-diabetes,78
50,64,M,22.0,5.2,100.0,healthy,74
